[{"id":"user-image-untitled8.jpg","publicUrl":"np://user.desktop.nicepage.com/Site_63393592/images/untitled8.jpg","size":65801,"hash":"22RBkbBMb5mfmCZGHvZE7FsEvYY=","fileName":"untitled8.jpg","name":"untitled8","width":1025,"height":731,"thumbnail":{"url":"np://user.desktop.nicepage.com/Site_63393592/images/thumbnails/untitled8.jpg","width":250,"height":178},"folderId":null,"usages":["1972421843"]},{"id":"user-image-5.jpg","publicUrl":"np://user.desktop.nicepage.com/Site_63393592/images/5.jpg","size":1623835,"hash":"BRx8QnJhZcC/2PnRkPWU3jxSWdQ=","fileName":"5.jpg","name":"5","width":3022,"height":4030,"thumbnail":{"url":"np://user.desktop.nicepage.com/Site_63393592/images/thumbnails/5.jpg","width":187,"height":250},"folderId":null,"usages":["331624453"]},{"id":"user-image-4.jpg","publicUrl":"np://user.desktop.nicepage.com/Site_63393592/images/4.jpg","size":2257382,"hash":"ZRhPqH2IKbx8f6x1umOAD6rSoeM=","fileName":"4.jpg","name":"4","width":3229,"height":4597,"thumbnail":{"url":"np://user.desktop.nicepage.com/Site_63393592/images/thumbnails/4.jpg","width":176,"height":250},"folderId":null,"usages":["331624453"]},{"id":"user-image-3.jpg","publicUrl":"np://user.desktop.nicepage.com/Site_63393592/images/3.jpg","size":5167744,"hash":"Yk879GSj11J9m/b1F5uDkd+ije8=","fileName":"3.jpg","name":"3","width":3024,"height":4032,"thumbnail":{"url":"np://user.desktop.nicepage.com/Site_63393592/images/thumbnails/3.jpg","width":188,"height":250},"folderId":null,"usages":["331624453"]},{"id":"user-image-2.jpg","publicUrl":"np://user.desktop.nicepage.com/Site_63393592/images/2.jpg","size":1456321,"hash":"tCVTEFfl4O1cAvFs8o0MzIuGZEs=","fileName":"2.jpg","name":"2","width":4032,"height":3024,"thumbnail":{"url":"np://user.desktop.nicepage.com/Site_63393592/images/thumbnails/2.jpg","width":250,"height":188},"folderId":null,"usages":["331624453"]},{"id":"user-image-1.jpg","publicUrl":"np://user.desktop.nicepage.com/Site_63393592/images/1.jpg","size":2144706,"hash":"q8m8D+ULSOPQaF1lfCx14IWxr6k=","fileName":"1.jpg","name":"1","width":4479,"height":6719,"thumbnail":{"url":"np://user.desktop.nicepage.com/Site_63393592/images/thumbnails/1.jpg","width":167,"height":250},"folderId":null,"usages":["331624453"]},{"id":"user-image-Screenshot2025-09-09182527.jpg","publicUrl":"np://user.desktop.nicepage.com/Site_63393592/images/Screenshot2025-09-09182527.jpg","size":88885,"hash":"zifkBj+mM9+fZRpHLe2Z8EuqPBo=","fileName":"Screenshot2025-09-09182527.jpg","name":"Screenshot2025-09-09182527","width":1818,"height":571,"thumbnail":{"url":"np://user.desktop.nicepage.com/Site_63393592/images/thumbnails/Screenshot2025-09-09182527.jpg","width":250,"height":79},"folderId":null,"usages":["331624453"]},{"id":"user-image-Screenshot2025-09-09182308.jpg","publicUrl":"np://user.desktop.nicepage.com/Site_63393592/images/Screenshot2025-09-09182308.jpg","size":64988,"hash":"0uoft9dANGsiCMOSmB1Mc5QO63E=","fileName":"Screenshot2025-09-09182308.jpg","name":"Screenshot2025-09-09182308","width":1888,"height":439,"thumbnail":{"url":"np://user.desktop.nicepage.com/Site_63393592/images/thumbnails/Screenshot2025-09-09182308.jpg","width":250,"height":58},"folderId":null,"usages":["331624453"]},{"id":"user-image-logo.jpg","publicUrl":"np://user.desktop.nicepage.com/Site_63393592/images/logo.jpg","size":13697,"hash":"lO6QURzK+WjkW8oW6/WGHI3pH3I=","fileName":"logo.jpg","name":"logo","width":305,"height":87,"thumbnail":{"url":"np://user.desktop.nicepage.com/Site_63393592/images/thumbnails/logo.jpg","width":250,"height":71},"folderId":null,"usages":["331624453"]},{"id":"user-image-UCF-College-of-Sciences-01-1280x419.png","publicUrl":"np://user.desktop.nicepage.com/Site_63393592/images/UCF-College-of-Sciences-01-1280x419.png","size":52823,"hash":"DfGNGu80qR3gHIPXlL/50vZv0W0=","fileName":"UCF-College-of-Sciences-01-1280x419.png","name":"UCF-College-of-Sciences-01-1280x419","width":1280,"height":419,"thumbnail":{"url":"np://user.desktop.nicepage.com/Site_63393592/images/thumbnails/UCF-College-of-Sciences-01-1280x419.png","width":250,"height":82},"folderId":null,"usages":["331624453"]},{"id":"user-image-mitsubishi.png","publicUrl":"np://user.desktop.nicepage.com/Site_63393592/images/mitsubishi.png","size":5035,"hash":"jbWtDfv3nZ9DenNpXDQrm/D0DUE=","fileName":"mitsubishi.png","name":"mitsubishi","width":455,"height":111,"thumbnail":{"url":"np://user.desktop.nicepage.com/Site_63393592/images/thumbnails/mitsubishi.png","width":250,"height":61},"folderId":null,"usages":["331624453"]},{"id":"user-image-mathworks_logo.v2.webp","publicUrl":"np://user.desktop.nicepage.com/Site_63393592/images/mathworks_logo.v2.webp","size":12522,"hash":"TXxx4Zs9lpxv8rayxTpBtoSszMo=","fileName":"mathworks_logo.v2.webp","name":"mathworks_logo.v2","width":605,"height":140,"thumbnail":{"url":"np://user.desktop.nicepage.com/Site_63393592/images/thumbnails/mathworks_logo.v2.webp","width":250,"height":58},"folderId":null,"usages":["331624453"]},{"id":"user-image-image6.png","publicUrl":"np://user.desktop.nicepage.com/Site_63393592/images/image6.png","size":36599,"hash":"RuWOID/qWzM5X0URPoBwZAeeRuY=","fileName":"image6.png","name":"image6","width":910,"height":210,"thumbnail":{"url":"np://user.desktop.nicepage.com/Site_63393592/images/thumbnails/image6.png","width":250,"height":58},"folderId":null,"originalUrl":"np://user.desktop.nicepage.com/Site_11528410/images/image6.png?rand=583f","usages":["331624453"]},{"id":"user-image-image4.png","publicUrl":"np://user.desktop.nicepage.com/Site_63393592/images/image4.png","size":30834,"hash":"PLYKTyWXs3020gCvMkRnutCuF34=","fileName":"image4.png","name":"image4","width":747,"height":340,"thumbnail":{"url":"np://user.desktop.nicepage.com/Site_63393592/images/thumbnails/image4.png","width":250,"height":114},"folderId":null,"originalUrl":"np://user.desktop.nicepage.com/Site_11528410/images/image4.png?rand=0acd","usages":["331624453"]},{"id":"user-image-Screenshot2025-09-07203109.png","publicUrl":"np://user.desktop.nicepage.com/Site_63393592/images/Screenshot2025-09-07203109.png","size":63558,"hash":"O8V0fDkWwg/MZSpGIv4JnwLfpuI=","fileName":"Screenshot2025-09-07203109.png","name":"Screenshot2025-09-07203109","width":1207,"height":706,"thumbnail":{"url":"np://user.desktop.nicepage.com/Site_63393592/images/thumbnails/Screenshot2025-09-07203109.png","width":250,"height":146},"folderId":null,"originalUrl":"np://user.desktop.nicepage.com/Site_11528410/images/Screenshot2025-09-07203109.png?rand=0ce4","usages":["331624453"]},{"id":"user-image-BITMAP_PERL_LOGO.jpg","publicUrl":"np://user.desktop.nicepage.com/Site_63393592/images/BITMAP_PERL_LOGO.jpg","size":69730,"hash":"u+1vNyQjPvOdz0gsp+8rAROmXrI=","fileName":"BITMAP_PERL_LOGO.jpg","name":"BITMAP_PERL_LOGO","width":2020,"height":620,"thumbnail":{"url":"np://user.desktop.nicepage.com/Site_63393592/images/thumbnails/BITMAP_PERL_LOGO.jpg","width":250,"height":77},"folderId":null,"originalUrl":"np://user.desktop.nicepage.com/Site_11528410/images/BITMAP_PERL_LOGO.jpg?rand=b79f","usages":["331624453"]},{"id":"user-image-image11.png","publicUrl":"np://user.desktop.nicepage.com/Site_63393592/images/image11.png","size":25233,"hash":"XfVVwMFLzSPhLAZXa4jUWSo3bJ4=","fileName":"image11.png","name":"image11","width":677,"height":182,"thumbnail":{"url":"np://user.desktop.nicepage.com/Site_63393592/images/thumbnails/image11.png","width":250,"height":67},"folderId":null,"originalUrl":"np://user.desktop.nicepage.com/Site_11528410/images/image1.png?rand=2309","usages":["331624453"]},{"id":"user-image-Screenshot2025-09-09160103.jpg","publicUrl":"np://user.desktop.nicepage.com/Site_63393592/images/Screenshot2025-09-09160103.jpg","size":263468,"hash":"IkolhT1KtbKe/VcHJI2FQe3voJY=","fileName":"Screenshot2025-09-09160103.jpg","name":"Screenshot2025-09-09160103","width":1456,"height":1317,"thumbnail":{"url":"np://user.desktop.nicepage.com/Site_63393592/images/thumbnails/Screenshot2025-09-09160103.jpg","width":250,"height":226},"folderId":null,"usages":["1972421843"]},{"id":"user-image-72b5959c-ed9c-4418-b0e3-e66e3d088269.jpg","publicUrl":"np://user.desktop.nicepage.com/Site_63393592/images/72b5959c-ed9c-4418-b0e3-e66e3d088269.jpg","size":109114,"hash":"mrVcMwm7F7BJFfew+cUVlZirfIA=","fileName":"72b5959c-ed9c-4418-b0e3-e66e3d088269.jpg","name":"72b5959c-ed9c-4418-b0e3-e66e3d088269","width":600,"height":800,"thumbnail":{"url":"np://user.desktop.nicepage.com/Site_63393592/images/thumbnails/72b5959c-ed9c-4418-b0e3-e66e3d088269.jpg","width":188,"height":250},"folderId":null,"usages":["1972421843"]},{"id":"user-image-gear-picture.jpg","publicUrl":"np://user.desktop.nicepage.com/Site_63393592/images/gear-picture.jpg","size":174470,"hash":"49ThNpga3JFQlnDwuznPCQAI5XI=","fileName":"gear-picture.jpg","name":"gear-picture","width":1398,"height":1231,"thumbnail":{"url":"np://user.desktop.nicepage.com/Site_63393592/images/thumbnails/gear-picture.jpg","width":250,"height":220},"folderId":null,"usages":["1972421843"]},{"id":"user-image-Untitled6.jpg","publicUrl":"np://user.desktop.nicepage.com/Site_63393592/images/Untitled6.jpg","size":322095,"hash":"QpqWy43chzQP4a2aIk14HXYBa9w=","fileName":"Untitled6.jpg","name":"Untitled6","width":1277,"height":1292,"thumbnail":{"url":"np://user.desktop.nicepage.com/Site_63393592/images/thumbnails/Untitled6.jpg","width":247,"height":250},"folderId":null,"usages":["1972421843"]},{"id":"user-image-image3.png","publicUrl":"np://user.desktop.nicepage.com/Site_63393592/images/image3.png","size":1388977,"hash":"5Wsbj0lmfC8LWsFytKQZvrN4a34=","fileName":"image3.png","name":"image3","width":732,"height":1024,"thumbnail":{"url":"np://user.desktop.nicepage.com/Site_63393592/images/thumbnails/image3.png","width":179,"height":250},"folderId":null,"usages":["1972421843"]},{"id":"user-image-JAKK.png","publicUrl":"np://user.desktop.nicepage.com/Site_63393592/images/JAKK.png","size":1661619,"hash":"4J/JIXgUK97qsSyPmFwycqhfGTA=","fileName":"JAKK.png","name":"JAKK","width":1600,"height":900,"thumbnail":{"url":"np://user.desktop.nicepage.com/Site_63393592/images/thumbnails/JAKK.png","width":250,"height":141},"folderId":null,"usages":["1972421843"]},{"id":"user-image-guillitine.jpg","publicUrl":"np://user.desktop.nicepage.com/Site_63393592/images/guillitine.jpg","size":649452,"hash":"9UaCIfm8c0mA8geKERX+9Yx2o4E=","fileName":"guillitine.jpg","name":"guillitine","width":1093,"height":1465,"thumbnail":{"url":"np://user.desktop.nicepage.com/Site_63393592/images/thumbnails/guillitine.jpg","width":187,"height":250},"folderId":null,"usages":["1972421843"]},{"id":"user-image-L11.jpg","publicUrl":"np://user.desktop.nicepage.com/Site_63393592/images/L11.jpg","size":332507,"hash":"zXMFvIKlZJ5vjj1rfkl2tF0vPWo=","fileName":"L11.jpg","name":"L11","width":769,"height":1048,"thumbnail":{"url":"np://user.desktop.nicepage.com/Site_63393592/images/thumbnails/L11.jpg","width":183,"height":250},"folderId":null,"usages":["1972421843"]}]