[{"id":76381677,"title":"Blog Template","order":1,"templateKey":"blog","customTemplate":false,"customTemplateFilename":null,"pageLinks":[],"dateCreated":"2025-06-29T14:23:54.080Z","dateUpdated":"2025-06-29T14:23:55.068Z","folderId":null,"pageName":"Blog Template","serverPageId":null,"sectionCount":1,"status":2,"backwardUrl":null},{"id":236906957,"title":"Post Template","order":2,"templateKey":"post","customTemplate":false,"customTemplateFilename":null,"pageLinks":[],"dateCreated":"2025-06-29T14:23:54.175Z","dateUpdated":"2025-06-29T14:23:55.068Z","folderId":null,"pageName":"Post Template","serverPageId":null,"sectionCount":1,"status":2,"backwardUrl":null},{"id":2588101520,"title":"Product List Template","order":3,"templateKey":"products","customTemplate":false,"customTemplateFilename":null,"pageLinks":[],"dateCreated":"2025-06-29T14:23:54.266Z","dateUpdated":"2025-06-29T14:23:55.068Z","folderId":null,"pageName":"Product List Template","serverPageId":null,"sectionCount":1,"status":2,"backwardUrl":null},{"id":304000729,"title":"Product Details Template","order":4,"templateKey":"product","customTemplate":false,"customTemplateFilename":null,"pageLinks":[],"dateCreated":"2025-06-29T14:23:54.356Z","dateUpdated":"2025-06-29T14:23:55.068Z","folderId":null,"pageName":"Product Details Template","serverPageId":null,"sectionCount":1,"status":2,"backwardUrl":null},{"id":43178340,"title":"Shopping Cart Template","order":5,"templateKey":"cart","customTemplate":false,"customTemplateFilename":null,"pageLinks":[],"dateCreated":"2025-06-29T14:23:54.433Z","dateUpdated":"2025-06-29T14:23:55.069Z","folderId":null,"pageName":"Shopping Cart Template","serverPageId":null,"sectionCount":1,"status":2,"backwardUrl":null},{"id":1740500639,"title":"Checkout Template","order":6,"templateKey":"checkout","customTemplate":false,"customTemplateFilename":null,"pageLinks":[],"dateCreated":"2025-06-29T14:23:54.533Z","dateUpdated":"2025-06-29T14:23:55.069Z","folderId":null,"pageName":"Checkout Template","serverPageId":null,"sectionCount":1,"status":2,"backwardUrl":null},{"id":94250305,"title":"Login Template","order":7,"templateKey":"login","customTemplate":false,"customTemplateFilename":null,"pageLinks":[],"dateCreated":"2025-06-29T14:23:54.593Z","dateUpdated":"2025-06-29T14:23:55.069Z","folderId":null,"pageName":"Login Template","serverPageId":null,"sectionCount":1,"status":2,"backwardUrl":null},{"id":261554013,"title":"Search Page Template","order":8,"templateKey":"Search","customTemplate":false,"customTemplateFilename":null,"pageLinks":[],"dateCreated":"2025-06-29T14:23:54.638Z","dateUpdated":"2025-06-29T14:23:55.069Z","folderId":null,"pageName":"Search Page Template","serverPageId":null,"sectionCount":1,"status":2,"backwardUrl":null},{"id":193260912,"title":"Page Password Template","order":9,"templateKey":"password","customTemplate":false,"customTemplateFilename":null,"pageLinks":[],"dateCreated":"2025-06-29T14:23:54.695Z","dateUpdated":"2025-06-29T14:23:55.069Z","folderId":null,"pageName":"Page Password Template","serverPageId":null,"sectionCount":1,"status":2,"backwardUrl":null},{"id":63349485,"title":"404 Not Found Template","order":10,"templateKey":"404","customTemplate":false,"customTemplateFilename":null,"pageLinks":[],"dateCreated":"2025-06-29T14:23:54.743Z","dateUpdated":"2025-06-29T14:23:55.069Z","folderId":null,"pageName":"404 Not Found Template","serverPageId":null,"sectionCount":1,"status":2,"backwardUrl":null},{"id":2255910748,"title":"Thank You Page Template","order":11,"templateKey":"ThankYou","customTemplate":false,"customTemplateFilename":null,"pageLinks":[],"dateCreated":"2025-06-29T14:23:54.788Z","dateUpdated":"2025-06-29T14:23:55.069Z","folderId":null,"pageName":"Thank You Page Template","serverPageId":null,"sectionCount":1,"status":2,"backwardUrl":null},{"id":215104591,"title":"Home","order":50,"templateKey":null,"customTemplate":false,"customTemplateFilename":null,"pageLinks":[],"dateCreated":"2025-06-29T14:23:55.468Z","dateUpdated":"2025-06-29T14:31:56.611Z","folderId":null,"pageName":"Home_215104591","serverPageId":null,"sectionCount":1,"status":2,"backwardUrl":null},{"id":331624453,"title":"About","order":100,"templateKey":null,"customTemplate":false,"customTemplateFilename":null,"pageLinks":[],"dateCreated":"2025-06-29T14:23:54.815Z","dateUpdated":"2025-06-29T14:23:55.070Z","folderId":null,"pageName":"About_331624453","serverPageId":null,"sectionCount":1,"status":2,"backwardUrl":null},{"id":74304577,"title":"Contact","order":101,"templateKey":null,"customTemplate":false,"customTemplateFilename":null,"pageLinks":[],"dateCreated":"2025-06-29T14:23:54.837Z","dateUpdated":"2025-06-29T14:23:55.070Z","folderId":null,"pageName":"Contact_74304577","serverPageId":null,"sectionCount":1,"status":2,"backwardUrl":null}]